{"cameraMode":{"drawMode":0,"name":"Shaded","section":"Shading Mode"},"sceneLighting":false,"audioPlay":false,"sceneViewState":{"showFog":true,"showMaterialUpdate":false,"showSkybox":false,"showFlares":true,"showImageEffects":true,"showParticleSystems":true},"in2DMode":false,"pivot":{"x":-21.100000381469728,"y":13.777000427246094,"z":0.0},"rotation":{"x":-0.010169715620577336,"y":0.9891296625137329,"z":-0.08328277617692948,"w":-0.12077413499355316},"size":19.398969650268556,"orthographic":true}