{"cameraMode":{"drawMode":0,"name":"Shaded","section":"Shading Mode"},"sceneLighting":true,"audioPlay":false,"sceneViewState":{"showFog":true,"showMaterialUpdate":false,"showSkybox":true,"showFlares":true,"showImageEffects":true,"showParticleSystems":true},"in2DMode":false,"pivot":{"x":-13.7869873046875,"y":6.0223388671875,"z":4.2119140625},"rotation":{"x":0.001686632283963263,"y":0.9982857704162598,"z":-0.04495345056056976,"w":0.03745337575674057},"size":8.442206382751465,"orthographic":true}