{"cameraMode":{"drawMode":0,"name":"Shaded","section":"Shading Mode"},"sceneLighting":true,"audioPlay":false,"sceneViewState":{"showFog":false,"showMaterialUpdate":false,"showSkybox":false,"showFlares":false,"showImageEffects":false,"showParticleSystems":false},"in2DMode":false,"pivot":{"x":-21.09454345703125,"y":14.013099670410157,"z":-0.001708984375},"rotation":{"x":0.0011887355940416456,"y":0.99727463722229,"z":0.016456540673971177,"w":-0.07192771881818772},"size":2.2329251766204836,"orthographic":true}