{"cameraMode":{"drawMode":0,"name":"Shaded","section":"Shading Mode"},"sceneLighting":true,"audioPlay":false,"sceneViewState":{"showFog":false,"showMaterialUpdate":false,"showSkybox":false,"showFlares":false,"showImageEffects":false,"showParticleSystems":false},"in2DMode":false,"pivot":{"x":0.5077619552612305,"y":-2.938873291015625,"z":1.000000238418579},"rotation":{"x":0.0021041366271674635,"y":0.9965985417366028,"z":0.02691488154232502,"w":-0.07789285480976105},"size":3.3270413875579836,"orthographic":true}